{"overall": {"count": 5034, "em": 0.20758839888756456, "f1": 0.20758839888756456}, "answerable": {"count": 3524, "em": 0.0, "f1": 0.0}, "unanswerable": {"count": 1510, "em": 0.6920529801324503, "f1": 0.6920529801324503}, "answerable accuracy": 0.443186332936035}